Comment,VideoID,
"comment no 1 : ""C aav se""", https://www.youtube.com/watch?v=ffMraMMmHZA,
"comment no 2 : ""Jaherat aochi rakho 😢😊""", https://www.youtube.com/watch?v=ffMraMMmHZA,
"comment no 3 : ""Thank you sir 🎉""", https://www.youtube.com/watch?v=ffMraMMmHZA,
"comment no 4 : ""Live Maths mate hal course parchis kari sakay sir..""", https://www.youtube.com/watch?v=ffMraMMmHZA,
"comment no 5 : ""Jordar lecture hato sir aava lecture lavta rehjo sir""", https://www.youtube.com/watch?v=ffMraMMmHZA,
"comment no 6 : ""Thank you so much sir 🙏""", https://www.youtube.com/watch?v=ffMraMMmHZA,
"comment no 7 : ""Aatalu saru bhanava badal thank you sir 🙏🙏❤""", https://www.youtube.com/watch?v=ffMraMMmHZA,
"comment no 8 : ""55/b""", https://www.youtube.com/watch?v=ffMraMMmHZA,
"comment no 9 : ""54/a""", https://www.youtube.com/watch?v=ffMraMMmHZA,
"comment no 10 : ""52/b""", https://www.youtube.com/watch?v=ffMraMMmHZA,
"comment no 11 : ""50/a""", https://www.youtube.com/watch?v=ffMraMMmHZA,
"comment no 12 : ""49/b""", https://www.youtube.com/watch?v=ffMraMMmHZA,
"comment no 13 : ""48/d""", https://www.youtube.com/watch?v=ffMraMMmHZA,
"comment no 14 : ""47/c""", https://www.youtube.com/watch?v=ffMraMMmHZA,
"comment no 15 : ""46/d""", https://www.youtube.com/watch?v=ffMraMMmHZA,
"comment no 16 : ""45/b""", https://www.youtube.com/watch?v=ffMraMMmHZA,
"comment no 17 : ""44/a""", https://www.youtube.com/watch?v=ffMraMMmHZA,
"comment no 18 : ""43/d""", https://www.youtube.com/watch?v=ffMraMMmHZA,
"comment no 19 : ""42/c""", https://www.youtube.com/watch?v=ffMraMMmHZA,
"comment no 20 : ""41/c""", https://www.youtube.com/watch?v=ffMraMMmHZA,
"comment no 21 : ""40/a""", https://www.youtube.com/watch?v=ffMraMMmHZA,
"comment no 22 : ""39/d""", https://www.youtube.com/watch?v=ffMraMMmHZA,
"comment no 23 : ""37/b""", https://www.youtube.com/watch?v=ffMraMMmHZA,
"comment no 24 : ""41/c""", https://www.youtube.com/watch?v=ffMraMMmHZA,
"comment no 25 : ""34/c""", https://www.youtube.com/watch?v=ffMraMMmHZA,
"comment no 26 : ""22/b""", https://www.youtube.com/watch?v=ffMraMMmHZA,
"comment no 27 : ""21/b""", https://www.youtube.com/watch?v=ffMraMMmHZA,
"comment no 28 : ""20/c""", https://www.youtube.com/watch?v=ffMraMMmHZA,
"comment no 29 : ""19/a""", https://www.youtube.com/watch?v=ffMraMMmHZA,
"comment no 30 : ""Sir hu offline tamara video jovu chu 51 namber question aak var karav jo pacho me try karyo man logic kbr na padi and tame bove srs bhanavo cho hu roj tamra video joine practice karu chu eena thi bove faydo thyo che thank you sir""", https://www.youtube.com/watch?v=ffMraMMmHZA,
"comment no 31 : ""Bauj mst htu sir jordar 😊""", https://www.youtube.com/watch?v=ffMraMMmHZA,
"comment no 32 : ""Jordar sir bau mst mega lecture lidhu 💥💥💫💫""", https://www.youtube.com/watch?v=ffMraMMmHZA,
"comment no 33 : ""સર ૧ મે રવિવાર હોય તો ૧ ઓક્ટોબર કયો વાર હોય?""", https://www.youtube.com/watch?v=ffMraMMmHZA,
"comment no 34 : ""Sir reasoning na badhay sacha padya pan mathes thoduk week chhhe pan mast video 🎉""", https://www.youtube.com/watch?v=ffMraMMmHZA,
"comment no 35 : ""Thank you for super lecture 🙏🙏 both sir ji 🙏🙏🙏""", https://www.youtube.com/watch?v=ffMraMMmHZA,
"comment no 36 : ""Har Har Mahadev ❤jay bapa Sita ram ❤""", https://www.youtube.com/watch?v=ffMraMMmHZA,
"comment no 37 : ""🎉🎉🎉""", https://www.youtube.com/watch?v=ffMraMMmHZA,
"comment no 38 : ""C""", https://www.youtube.com/watch?v=ffMraMMmHZA,
"comment no 39 : ""C""", https://www.youtube.com/watch?v=ffMraMMmHZA,
"comment no 40 : ""C""", https://www.youtube.com/watch?v=ffMraMMmHZA,
"comment no 41 : ""A""", https://www.youtube.com/watch?v=ffMraMMmHZA,
"comment no 42 : ""Khub khub saras 🎉", https://www.youtube.com/watch?v=ffMraMMmHZA,
"Jordar baki ek Number Lecture se  Thank you 🙏""", https://www.youtube.com/watch?v=ffMraMMmHZA,
"comment no 43 : ""Vah sir jordar bane sir 🙏😊""", https://www.youtube.com/watch?v=ffMraMMmHZA,
"comment no 44 : ""Jordar session sir 👏👏👏👏""", https://www.youtube.com/watch?v=ffMraMMmHZA,
"comment no 45 : ""Khubaj saras bhanavo sir""", https://www.youtube.com/watch?v=ffMraMMmHZA,
"comment no 46 : ""Best faculty""", https://www.youtube.com/watch?v=ffMraMMmHZA,
"comment no 47 : ""Thank you sir ❤🎉🎉🎉""", https://www.youtube.com/watch?v=ffMraMMmHZA,
"comment no 48 : ""Khubaj  srs sir thank you 🎉🎉""", https://www.youtube.com/watch?v=ffMraMMmHZA,
"comment no 49 : ""Salute che sir 🙏🙏🙏🙏 bane sir ne 🎉🎉🎉🎉""", https://www.youtube.com/watch?v=ffMraMMmHZA,
"comment no 50 : ""Sir please thank you soooooo much ❤amara mate aatli mahenat kari""", https://www.youtube.com/watch?v=ffMraMMmHZA,
"comment no 51 : ""Thank you sir aa lecture mate aa ntpc ma kam aavse khari""", https://www.youtube.com/watch?v=ffMraMMmHZA,
"comment no 52 : ""Ha ચોક્કસ""", https://www.youtube.com/watch?v=ffMraMMmHZA,
"comment no 53 : ""Thank u sir""", https://www.youtube.com/watch?v=ffMraMMmHZA,
"comment no 54 : ""હર હર મહાદેવ જય બાપા સીતારામ""", https://www.youtube.com/watch?v=ffMraMMmHZA,
"comment no 55 : ""Thank you sir""", https://www.youtube.com/watch?v=ffMraMMmHZA,
"comment no 56 : ""❤❤🎉""", https://www.youtube.com/watch?v=ffMraMMmHZA,
"comment no 57 : ""Jordar sir maja aavi gai.  tame bauj saras sikhvado chho badhu j""", https://www.youtube.com/watch?v=ffMraMMmHZA,
"comment no 58 : ""Thank you so much sir cce exam pehla aavo ek megha lecture lavjo""", https://www.youtube.com/watch?v=ffMraMMmHZA,
"comment no 59 : ""C""", https://www.youtube.com/watch?v=ffMraMMmHZA,
"comment no 60 : ""C""", https://www.youtube.com/watch?v=ffMraMMmHZA,
"comment no 61 : ""C""", https://www.youtube.com/watch?v=ffMraMMmHZA,
"comment no 62 : ""C""", https://www.youtube.com/watch?v=ffMraMMmHZA,
"comment no 63 : ""B""", https://www.youtube.com/watch?v=ffMraMMmHZA,
"comment no 64 : ""D""", https://www.youtube.com/watch?v=ffMraMMmHZA,
"comment no 65 : ""C""", https://www.youtube.com/watch?v=ffMraMMmHZA,
"comment no 66 : ""Jayesh sir tame palanpur na cho""", https://www.youtube.com/watch?v=ffMraMMmHZA,
"comment no 67 : ""😊 Ha બિલકુલ""", https://www.youtube.com/watch?v=ffMraMMmHZA,
"comment no 68 : ""Tame sir  tathagat  ma calss ma aavta hata""", https://www.youtube.com/watch?v=ffMraMMmHZA,
"comment no 69 : ""Ha hooo""", https://www.youtube.com/watch?v=ffMraMMmHZA,
"comment no 70 : ""B""", https://www.youtube.com/watch?v=ffMraMMmHZA,
"comment no 71 : ""C""", https://www.youtube.com/watch?v=ffMraMMmHZA,
"comment no 72 : ""ગણિત  રિઝનિંગ કોષ કિંમત સુ""", https://www.youtube.com/watch?v=ffMraMMmHZA,
"comment no 73 : ""Koi b swarth vagar amara mate mehnat kravva Thnks alot""", https://www.youtube.com/watch?v=ffMraMMmHZA,
"comment no 74 : ""Awesome lecture""", https://www.youtube.com/watch?v=ffMraMMmHZA,
"comment no 75 : ""Thank you banne sir ne 🙏🏻 very useful lecture... Aakho lecture joyo ratre break lidha vagar""", https://www.youtube.com/watch?v=ffMraMMmHZA,
"comment no 76 : ""ગુડ Sir મજા આવી ગઈ""", https://www.youtube.com/watch?v=ffMraMMmHZA,
"comment no 77 : ""કોર્સ ફી પહેલા થી ખુબ ઓછી છે છતાં પણ,આર્મી ઓફિસર અને જેમના માતા પિતા નથી એમને 50% ઑફ એ ખુબ સારી બાબત, વ્યવસાય નિ સાથે માનવતા એ ખુબ સારુ કહેવાય 🙏🙏🙏""", https://www.youtube.com/watch?v=ffMraMMmHZA,
"comment no 78 : ""Bahu srs always progress all team""", https://www.youtube.com/watch?v=ffMraMMmHZA,
"comment no 79 : ""Sir live lecture mast hato ghanu shikhava malyu Thank you banne sir ne""", https://www.youtube.com/watch?v=ffMraMMmHZA,
"comment no 80 : ""THANK U For this Mega Lecture 👏👏To Miten sir , Jayesh sir and all team""", https://www.youtube.com/watch?v=ffMraMMmHZA,
"comment no 81 : ""Thanku sir""", https://www.youtube.com/watch?v=ffMraMMmHZA,
"comment no 82 : ""Thank sir""", https://www.youtube.com/watch?v=ffMraMMmHZA,
"comment no 83 : ""Khub khub aabhar Jayesh sir and Miten sir khub jordar lecture aavj  lecture lavta rehjo salute to your hardworki..👏🏻👍🫡""", https://www.youtube.com/watch?v=ffMraMMmHZA,
"comment no 84 : ""Sir best lecture🌎""", https://www.youtube.com/watch?v=ffMraMMmHZA,
"comment no 85 : ""Jordar sirr knowledge improve thyu and prectice and rivision thyu jordar ❤❤❤❤ thanks 👍 sir 2""", https://www.youtube.com/watch?v=ffMraMMmHZA,
"comment no 86 : ""Khub saru banavo se thank you so much 🙏""", https://www.youtube.com/watch?v=ffMraMMmHZA,
"comment no 87 : ""Thank you નિર્માણ ગ્રુપ 🙏🙏🙏""", https://www.youtube.com/watch?v=ffMraMMmHZA,
"comment no 88 : ""किताबे इंसान को बुद्धी मान बनाती हैं पर शिक्षा इंसान को जीना सिखाती है बस ऐसे ही मितेनसर और जयेशसर અમારા માટે ખુખ સરસ પ્રશ્નો લયને આવ્યા thank you so much 🙏""", https://www.youtube.com/watch?v=ffMraMMmHZA,
"comment no 89 : ""Thank you so much sir 🙏 Lecture khub j usefull hato""", https://www.youtube.com/watch?v=ffMraMMmHZA,
"comment no 90 : ""Thank you so much sir 🙏✨""", https://www.youtube.com/watch?v=ffMraMMmHZA,
"comment no 91 : ""Mojjjj mojjjj Sir 😊""", https://www.youtube.com/watch?v=ffMraMMmHZA,
"comment no 92 : ""Best lecture bt request che train na question lavo ne""", https://www.youtube.com/watch?v=ffMraMMmHZA,
"comment no 93 : ""સર મેં પૂરો વિડિઓ જોયો હો 👍""", https://www.youtube.com/watch?v=ffMraMMmHZA,
"comment no 94 : ""Thank you🎉 both sir""", https://www.youtube.com/watch?v=ffMraMMmHZA,
"comment no 95 : ""બાકી એક થી એક સવાલો લાયા હો""", https://www.youtube.com/watch?v=ffMraMMmHZA,
"comment no 96 : ""Bau j must lecture hto sir, Thankyou so much sir me puro lecture joyo , chalu lecture ma Mari mummy no call aavyo hto 55 min let hti to pn me lecture puro joyo , me comment ma ekpan comment nhi kri pan lecture puro dil thi joyo sir, thankyou very much sir🙏""", https://www.youtube.com/watch?v=ffMraMMmHZA,
"comment no 97 : ""Thank you so much both sir...bou mast question hata revision thy giya badha topic.tame atli badhu mehnt kari khadha vagr ena mate thank you so much aavi rite aamara mate new new question lavta rejo sir tamara4:45 hr ni mehnat mate 🫡🫡🫡 bou j mast lecture riyo❤""", https://www.youtube.com/watch?v=ffMraMMmHZA,
"comment no 98 : ""મેહનત ખૂબ સારી કરી મજા આવી""", https://www.youtube.com/watch?v=ffMraMMmHZA,
"comment no 99 : ""Bane Sir no khub khub aabhar ane khub j saras rite consept clear karaviya""", https://www.youtube.com/watch?v=ffMraMMmHZA,
"comment no 100 : ""Lecture ma khub maja aavi""", https://www.youtube.com/watch?v=ffMraMMmHZA,
"comment no 101 : ""Thank you for the mega lecture 🫡🙋🏻‍♀️ ava j Lec tamari અનુકૂળતા એ લાવતા રેજો ને અમને મોજ કરાવતા રેજો 🔥""", https://www.youtube.com/watch?v=ffMraMMmHZA,
"comment no 102 : ""Ha 😊""", https://www.youtube.com/watch?v=ffMraMMmHZA,
"comment no 103 : ""બન્ને સર એ મસ્ત chalau......maths nd reasoning""", https://www.youtube.com/watch?v=ffMraMMmHZA,
"comment no 104 : ""Thank you so much sir""", https://www.youtube.com/watch?v=ffMraMMmHZA,
"comment no 105 : ""સર મસ્ત મજા પડી મેગા લેક્ચર માં......કાલે મારે એક્ઝામ છે રેલવે નું...તો કામ આવશે ઘણું બધું""", https://www.youtube.com/watch?v=ffMraMMmHZA,
"comment no 1 : ""Mast se""",https://www.youtube.com/watch?v=aUQXjbjydLw,
"comment no 2 : ""આભાર""",https://www.youtube.com/watch?v=aUQXjbjydLw,
"comment no 3 : ""Sir geography mare hji krvanu baki che plz mne gaide kro ne seni pr vdhre focus kru gujarat k bhart ભૂગોળ pr please ans me....... Dharmesh sir""",https://www.youtube.com/watch?v=aUQXjbjydLw,
"comment no 4 : ""Indian geography par""",https://www.youtube.com/watch?v=aUQXjbjydLw,
"comment no 5 : ""Thank you so much sir 🙏🏻""",https://www.youtube.com/watch?v=aUQXjbjydLw,
"comment no 6 : ""Sir 11/12 history na lecture kyare aavse""",https://www.youtube.com/watch?v=aUQXjbjydLw,
"comment no 7 : ""All clear che""",https://www.youtube.com/watch?v=aUQXjbjydLw,
"comment no 8 : ""Sir tama mast bhanVo cho""",https://www.youtube.com/watch?v=aUQXjbjydLw,
"comment no 9 : ""Thank you so much sir 😊😊🙏🙏☺️😊""",https://www.youtube.com/watch?v=aUQXjbjydLw,
"comment no 10 : ""Excellent 👌 sir""",https://www.youtube.com/watch?v=aUQXjbjydLw,
"comment no 11 : ""ઍક નંબર લેક્ચર સર ❤❤❤""",https://www.youtube.com/watch?v=aUQXjbjydLw,
"comment no 12 : ""Ha""",https://www.youtube.com/watch?v=aUQXjbjydLw,
"comment no 1 : ""નૌટંકી નૃત્ય ઉત્તરપ્રદેશનુ""",https://www.youtube.com/watch?v=jZXx80W1S-I,
"comment no 2 : ""Thank you sir 🙏 jordar lecture""",https://www.youtube.com/watch?v=jZXx80W1S-I,
"comment no 3 : ""Thakor sir is best contain all over topics ❤️😇""",https://www.youtube.com/watch?v=jZXx80W1S-I,
"comment no 4 : ""Thank you so much sir 😊😊🙏🙏☺️😊""",https://www.youtube.com/watch?v=jZXx80W1S-I,
"comment no 5 : ""Jai hind""",https://www.youtube.com/watch?v=jZXx80W1S-I,
"comment no 6 : ""Jay bharat jay hind""",https://www.youtube.com/watch?v=jZXx80W1S-I,
"comment no 7 : ""Jay hind ❤""",https://www.youtube.com/watch?v=jZXx80W1S-I,
"comment no 8 : ""Jay hind""",https://www.youtube.com/watch?v=jZXx80W1S-I,
"comment no 9 : ""Jay maa mogal 🙏""",https://www.youtube.com/watch?v=jZXx80W1S-I,
"comment no 10 : ""Thanks sir""",https://www.youtube.com/watch?v=jZXx80W1S-I,
"comment no 11 : ""Hii Thakor sir LCA bhavnagar muki didhu ke""",https://www.youtube.com/watch?v=jZXx80W1S-I,
"comment no 12 : ""👌👌""",https://www.youtube.com/watch?v=jZXx80W1S-I,
"comment no 13 : ""Ha Thakor saheb ha 🙏""",https://www.youtube.com/watch?v=jZXx80W1S-I,
"comment no 14 : ""Thakor Sir ખૂબ ખૂબ આભાર 👍🙏🙏🙏""",https://www.youtube.com/watch?v=jZXx80W1S-I,
"comment no 15 : ""I am a  big fan of you and your work..  nice ..i really appreciate That.. Thakor sir ❤😍👌🙌🥳🥳🥳""",https://www.youtube.com/watch?v=jZXx80W1S-I,
"comment no 1 : ""વિગત""",https://www.youtube.com/watch?v=uP0I1lF_iaU,
"comment no 2 : ""Prakash sir a bau nani umare khub pragti kri 😊😊 weldone sir❤❤""",https://www.youtube.com/watch?v=uP0I1lF_iaU,
"comment no 3 : ""❤""",https://www.youtube.com/watch?v=uP0I1lF_iaU,
"comment no 4 : ""English na lecture lavo""",https://www.youtube.com/watch?v=uP0I1lF_iaU,
"comment no 5 : ""Ok""",https://www.youtube.com/watch?v=uP0I1lF_iaU,
"comment no 6 : ""A""",https://www.youtube.com/watch?v=uP0I1lF_iaU,
"comment no 7 : ""A""",https://www.youtube.com/watch?v=uP0I1lF_iaU,
"comment no 8 : ""C""",https://www.youtube.com/watch?v=uP0I1lF_iaU,
"comment no 9 : ""🙏🏻🙏🏻🙏🏻🙏🏻🙏🏻""",https://www.youtube.com/watch?v=uP0I1lF_iaU,
"comment no 10 : ""જીગર સર મજા આવે છે ભણાવની તમારી પાસે""",https://www.youtube.com/watch?v=uP0I1lF_iaU,
"comment no 11 : ""Sir bija lecturer pls lavjo""",https://www.youtube.com/watch?v=uP0I1lF_iaU,
"comment no 12 : ""Jordar sir moje moj ho""",https://www.youtube.com/watch?v=uP0I1lF_iaU,
"comment no 13 : ""Jakasss,jordar, jigarsir ❤""",https://www.youtube.com/watch?v=uP0I1lF_iaU,
"comment no 14 : ""Gyan live app ma me sir me tmara class ma aavel chu tamne bhuj miss kariye chiye sir mast rite tame bnavo cho sir thank you so much""",https://www.youtube.com/watch?v=uP0I1lF_iaU,
"comment no 15 : ""Ok""",https://www.youtube.com/watch?v=uP0I1lF_iaU,
"comment no 16 : ""Good sir""",https://www.youtube.com/watch?v=uP0I1lF_iaU,
"comment no 17 : ""A""",https://www.youtube.com/watch?v=uP0I1lF_iaU,
"comment no 18 : ""Mare bech lidhu htu a bandh thy gy se sir otopay bandh karyy to""",https://www.youtube.com/watch?v=uP0I1lF_iaU,
"comment no 19 : ""Ha""",https://www.youtube.com/watch?v=uP0I1lF_iaU,
"comment no 20 : ""B""",https://www.youtube.com/watch?v=uP0I1lF_iaU,
"comment no 21 : ""Fantastic lecture""",https://www.youtube.com/watch?v=uP0I1lF_iaU,
"comment no 22 : ""D""",https://www.youtube.com/watch?v=uP0I1lF_iaU,
"comment no 23 : ""A""",https://www.youtube.com/watch?v=uP0I1lF_iaU,
"comment no 24 : ""d""",https://www.youtube.com/watch?v=uP0I1lF_iaU,
"comment no 25 : ""c""",https://www.youtube.com/watch?v=uP0I1lF_iaU,
"comment no 26 : ""A""",https://www.youtube.com/watch?v=uP0I1lF_iaU,
"comment no 27 : ""C""",https://www.youtube.com/watch?v=uP0I1lF_iaU,
"comment no 28 : ""c""",https://www.youtube.com/watch?v=uP0I1lF_iaU,
"comment no 29 : ""ખાંડુ = તલવાર ખાંડું= ખાડવું  ખાડું= ભેસનું ટોળું""",https://www.youtube.com/watch?v=uP0I1lF_iaU,
"comment no 30 : ""C""",https://www.youtube.com/watch?v=uP0I1lF_iaU,
"comment no 31 : ""☺️""",https://www.youtube.com/watch?v=uP0I1lF_iaU,
"comment no 32 : ""Aa""",https://www.youtube.com/watch?v=uP0I1lF_iaU,
"comment no 33 : ""❤❤❤""",https://www.youtube.com/watch?v=uP0I1lF_iaU,
"comment no 34 : ""Sir tmaro bijo lecture kyare aavse please reply me sir""",https://www.youtube.com/watch?v=uP0I1lF_iaU,
"comment no 35 : ""Sir baka ciki""",https://www.youtube.com/watch?v=uP0I1lF_iaU,
"comment no 1 : ""Thankyou sir 🙏❤️""",https://www.youtube.com/watch?v=qR9RuDwUUOg,
"comment no 2 : ""Thank you sir""",https://www.youtube.com/watch?v=qR9RuDwUUOg,
"comment no 3 : ""સર નિર્માણ એપ્લિકેશન માં બીજા ના ફોન માં થી આપણા પોતાના ફોન માં પેમેન્ટ મોકલવાની કોઈ સિસ્ટમ નથી સર???""",https://www.youtube.com/watch?v=qR9RuDwUUOg,
"comment no 4 : ""W̤e̤l̤c̤o̤m̤e̤ s̤i̤r̤ ,̤ n̤i̤c̤e̤ t̤e̤a̤c̤h̤i̤n̤g̤ 🎉🎉 4 v̤a̤g̤y̤e̤ a̤p̤p̤ m̤a̤ l̤i̤v̤e̤ h̤o̤y̤ s̤e̤ e̤t̤l̤e̤ g̤k̤ n̤a̤ r̤e̤c̤o̤r̤d̤ L̤e̤c̤t̤ṳr̤e̤ J̤o̤s̤h̤ṳ.̤.̤.̤""",https://www.youtube.com/watch?v=qR9RuDwUUOg,
"comment no 5 : ""Thanks sir ji""",https://www.youtube.com/watch?v=qR9RuDwUUOg,
"comment no 6 : ""જોરદાર ભણાવો""",https://www.youtube.com/watch?v=qR9RuDwUUOg,
"comment no 7 : ""Miten sir Bandhran na PYQs karavo please""",https://www.youtube.com/watch?v=qR9RuDwUUOg,
"comment no 8 : ""Aa sir pase hu Bhavnagar ma offline bhanyo chhu...sir itihas khubaj saras bhanave chhe ❤""",https://www.youtube.com/watch?v=qR9RuDwUUOg,
"comment no 9 : ""❓""",https://www.youtube.com/watch?v=qR9RuDwUUOg,
"comment no 10 : ""ધન્યવાદ સર ,ખૂબ જ સરસ ભણાવો છો 🙏🎉 એપ માં લેક્ચર હોવાથી પાછળ થી જોયું બહુ જ મસ્ત ભણાવ્યું છે ✅🙌""",https://www.youtube.com/watch?v=qR9RuDwUUOg,
"comment no 11 : ""❤❤❤❤ Thakor sir welcome""",https://www.youtube.com/watch?v=qR9RuDwUUOg,
"comment no 12 : ""Jordar gk che.full bakaziki sir""",https://www.youtube.com/watch?v=qR9RuDwUUOg,
"comment no 13 : ""બહુ મસ્ત ભણાવો છો સર""",https://www.youtube.com/watch?v=qR9RuDwUUOg,
"comment no 14 : ""સૌરાષ્ટ્ર રાજ્ય નાં બીજા મુખ્ય મંત્રી રસિકલાલ પરીખ""",https://www.youtube.com/watch?v=qR9RuDwUUOg,
"comment no 15 : ""1954 થી 1956""",https://www.youtube.com/watch?v=qR9RuDwUUOg,
"comment no 16 : ""Wah Thakor saheb 🙏""",https://www.youtube.com/watch?v=qR9RuDwUUOg,
"comment no 17 : ""Jay ho. Thakar sir 🎉🎉🎉🎉""",https://www.youtube.com/watch?v=qR9RuDwUUOg,
"comment no 18 : ""Khubaj saras che""",https://www.youtube.com/watch?v=qR9RuDwUUOg,
"comment no 19 : ""Thakor Sir and Nirmaan gujarat exam પરિવાર નો ખૂબ ખૂબ આભાર.👍🙏🙏🙏""",https://www.youtube.com/watch?v=qR9RuDwUUOg,
"comment no 20 : ""Dharmesh bhai ..su thyu..vala..""",https://www.youtube.com/watch?v=qR9RuDwUUOg,
"comment no 21 : ""❤❤""",https://www.youtube.com/watch?v=qR9RuDwUUOg,
"comment no 22 : ""Sir gk na daily lecture youtube ma aavse""",https://www.youtube.com/watch?v=qR9RuDwUUOg,
"comment no 23 : ""yes""",https://www.youtube.com/watch?v=qR9RuDwUUOg,
"comment no 24 : ""Sir Jordar khatarnak maja Aavi gai lecture jovani""",https://www.youtube.com/watch?v=qR9RuDwUUOg,
"comment no 25 : ""🤗🤗😇""",https://www.youtube.com/watch?v=qR9RuDwUUOg,
"comment no 26 : ""Wah sirjii khub j saras❤🎉🎉 Jordar boom padavi didhi sirjii💥💥🔥🔥""",https://www.youtube.com/watch?v=qR9RuDwUUOg,
"comment no 27 : ""vahhhhh માસ્તર JORDARRR GK 🫡""",https://www.youtube.com/watch?v=qR9RuDwUUOg,
"comment no 28 : ""👌👌👌""",https://www.youtube.com/watch?v=qR9RuDwUUOg,
"comment no 29 : ""Thank you sir 😊""",https://www.youtube.com/watch?v=qR9RuDwUUOg,
"comment no 30 : ""Jordaar sir thakor sir bhanave 6e""",https://www.youtube.com/watch?v=qR9RuDwUUOg,
"comment no 31 : ""Thank you nirmaan Gujarat team""",https://www.youtube.com/watch?v=qR9RuDwUUOg,
"comment no 32 : ""Thakor  sir most welcome 🤗",https://www.youtube.com/watch?v=qR9RuDwUUOg,
Khub j saras bhanavo so  👌,https://www.youtube.com/watch?v=qR9RuDwUUOg,
"Thank you Nirmaan gujarat exam Team 🙏🙏""",https://www.youtube.com/watch?v=qR9RuDwUUOg,
"comment no 33 : ""Good keep it up..nice informative videos excellant ❤😍😍🤟🤟🙌🥳🥳""",https://www.youtube.com/watch?v=qR9RuDwUUOg,
"comment no 34 : ""Thakor sir saras gk bhanave se""",https://www.youtube.com/watch?v=qR9RuDwUUOg,
"comment no 35 : ""Sir application ma maru nam daksha chauhan se nilesh chauhan mara bhai nu nam se""",https://www.youtube.com/watch?v=qR9RuDwUUOg,
"comment no 36 : ""Mst bhanave chhe👌👌""",https://www.youtube.com/watch?v=qR9RuDwUUOg,
"omment no 1 : ""Thank you sir saras reete bhanavava mate😊😊😊""",https://www.youtube.com/watch?v=-AD0w1rbRLA,
"comment no 2 : ""Thank you so much sir 😊😊🙏🙏☺️😊""",https://www.youtube.com/watch?v=-AD0w1rbRLA,
"comment no 3 : ""🙏🏻🙏🏻🙏🏻""",https://www.youtube.com/watch?v=-AD0w1rbRLA,
"comment no 4 : ""Thank you નિર્માણ ગ્રુપ 🙏🙏🙏🙏""",https://www.youtube.com/watch?v=-AD0w1rbRLA,
"comment no 5 : ""🙏🏻🙏🏻🙏🏻""",https://www.youtube.com/watch?v=-AD0w1rbRLA,
"comment no 6 : ""K̤h̤ṳb̤ s̤r̤s̤""",https://www.youtube.com/watch?v=-AD0w1rbRLA,
"comment no 7 : ""Tnq sister""",https://www.youtube.com/watch?v=-AD0w1rbRLA,
"comment no 8 : ""સર હેલ્પલાઇન નંબર બંધ છે એપ લેવી છે નંબર ચાલુ કરો સર""",https://www.youtube.com/watch?v=-AD0w1rbRLA,
"comment no 9 : ""Good morning sir""",https://www.youtube.com/watch?v=-AD0w1rbRLA,
"comment no 10 : "" @aayushichudasma7613 very good morning""",https://www.youtube.com/watch?v=-AD0w1rbRLA,
"comment no 11 : ""All clear che""",https://www.youtube.com/watch?v=-AD0w1rbRLA,
"comment no 12 : ""​ @aayushichudasma7613 નથી ફોન લાગતો ભાઈ""",https://www.youtube.com/watch?v=-AD0w1rbRLA,
"comment no 13 : ""1 divas ma number chalu thay jse Hal number transfer karel chhe aetle 1 divas ma chalu thay jse bro ther""",https://www.youtube.com/watch?v=-AD0w1rbRLA,
"comment no 14 : ""​ @dharmeshnagdakiya755 thanks sir""",https://www.youtube.com/watch?v=-AD0w1rbRLA,
"comment no 1 : ""On fire❤❤💥💥💥""",https://www.youtube.com/watch?v=eFgTAuhpTiQ,https://www.youtube.com/watch?v=eFgTAuhpTiQ
"comment no 2 : ""🔥""",https://www.youtube.com/watch?v=eFgTAuhpTiQ,
"comment no 3 : ""હર હર મહાદેવ 🙏❤️""",https://www.youtube.com/watch?v=eFgTAuhpTiQ,
"comment no 4 : ""Mahadev har 🙏🏻""",https://www.youtube.com/watch?v=eFgTAuhpTiQ,
"comment no 1 : ""More""",https://www.youtube.com/watch?v=PaCoYQ2CbFQ,
"comment no 2 : ""Mst bhanavo chho.""",https://www.youtube.com/watch?v=PaCoYQ2CbFQ,
"comment no 3 : ""B""",https://www.youtube.com/watch?v=PaCoYQ2CbFQ,
"comment no 4 : ""C""",https://www.youtube.com/watch?v=PaCoYQ2CbFQ,
"comment no 1 : ""Good""",https://www.youtube.com/watch?v=wf7NegNnXmg,
"comment no 2 : ""Nice conten 🎉😊🙏""",https://www.youtube.com/watch?v=wf7NegNnXmg,
"comment no 3 : ""Mojjjj mojjjj sir 😊""",https://www.youtube.com/watch?v=wf7NegNnXmg,
"comment no 4 : ""🎉""",https://www.youtube.com/watch?v=wf7NegNnXmg,
"comment no 5 : ""Thank you નિર્માણ ગ્રુપ 🙏🙏🙏🙏🙏""",https://www.youtube.com/watch?v=wf7NegNnXmg,
"comment no 6 : ""❤""",https://www.youtube.com/watch?v=wf7NegNnXmg,
"comment no 7 : ""Up walo ka radhe radhe sir""",https://www.youtube.com/watch?v=wf7NegNnXmg,
"comment no 8 : ""હા મસ્ત ભણાવ્યું  સર 🎉🎉🎉🎉🎉""",https://www.youtube.com/watch?v=wf7NegNnXmg,
"comment no 9 : ""🎉🎉🎉🎉""",https://www.youtube.com/watch?v=wf7NegNnXmg,
"comment no 10 : ""Hu mehullll""",https://www.youtube.com/watch?v=wf7NegNnXmg,
"comment no 11 : ""Super lecture sir❤❤""",https://www.youtube.com/watch?v=wf7NegNnXmg,
"comment no 12 : ""Sir""",https://www.youtube.com/watch?v=wf7NegNnXmg,
"comment no 13 : ""Maja aavi gay""",https://www.youtube.com/watch?v=wf7NegNnXmg,
"comment no 14 : ""Haa""",https://www.youtube.com/watch?v=wf7NegNnXmg,
"comment no 1 : ""13 B""",https://www.youtube.com/watch?v=MlFDtoA_iS0,
"comment no 1 : ""sir tme current affairs lai lo""",https://www.youtube.com/watch?v=AJyvWLR9qfI,
"comment no 2 : ""પીએસઆઇ માં ગુજરાતી""",https://www.youtube.com/watch?v=AJyvWLR9qfI,
"comment no 3 : ""Jay mataji sir 🙏""",https://www.youtube.com/watch?v=AJyvWLR9qfI,
"comment no 4 : ""Current affairs lecture youtube ma aavashe ke benchma?""",https://www.youtube.com/watch?v=AJyvWLR9qfI,
"comment no 5 : ""Congratulations sir tame bo j tarkki karo""",https://www.youtube.com/watch?v=AJyvWLR9qfI,
"comment no 6 : ""Sir amne to koi pn sara faculty chalse tame leso""",https://www.youtube.com/watch?v=AJyvWLR9qfI,
"comment no 7 : ""Todva thi aapdu saru thay pn nahi""",https://www.youtube.com/watch?v=AJyvWLR9qfI,
"comment no 8 : ""Maheta sir hase kadach""",https://www.youtube.com/watch?v=AJyvWLR9qfI,
"comment no 9 : ""અજયસિંહ વગર નકામું""",https://www.youtube.com/watch?v=AJyvWLR9qfI,
"comment no 1 : ""Thank you so much sir 🙏👌👌👌👌👌""",https://www.youtube.com/watch?v=mD9lq7ihWds,
"comment no 2 : ""Thanks sir""",https://www.youtube.com/watch?v=mD9lq7ihWds,
"comment no 3 : ""Mast bhanavo 6o sir thank you sir""",https://www.youtube.com/watch?v=mD9lq7ihWds,
"comment no 4 : ""Thank you so much.""",https://www.youtube.com/watch?v=mD9lq7ihWds,
"comment no 5 : ""All questions is very good""",https://www.youtube.com/watch?v=mD9lq7ihWds,
"comment no 1 : ""Sir a PPT sari નથી pela hati e sari se sir a રાખજો""",https://www.youtube.com/watch?v=FPn-wkUIcLY,
"comment no 2 : ""Sir 999 Course Ma TET 1 And TET 2 Method Na Module Sathe Course Chalu Karjo""",https://www.youtube.com/watch?v=FPn-wkUIcLY,
"comment no 3 : ""Thank you sir aava j qustion lavjo sir maja aave che❤""",https://www.youtube.com/watch?v=FPn-wkUIcLY,
"comment no 4 : ""Panchal sir maths zordar che""",https://www.youtube.com/watch?v=FPn-wkUIcLY,
"comment no 5 : ""તમારો ખુબ ખુબ આભાર 🙏🏻🙏🏻""",https://www.youtube.com/watch?v=FPn-wkUIcLY,
"comment no 6 : ""Nice sir""",https://www.youtube.com/watch?v=FPn-wkUIcLY,
"comment no 7 : ""Tnx sir😂""",https://www.youtube.com/watch?v=FPn-wkUIcLY,
"comment no 8 : ""Good evening sir""",https://www.youtube.com/watch?v=FPn-wkUIcLY,
"comment no 9 : ""Mojjjj mojjjj Sir 😊""",https://www.youtube.com/watch?v=FPn-wkUIcLY,
"comment no 10 : ""Tmara class mathi sir gnu bdhu nvu sikhva mle che roj . Thank you sir.. Nirman Gujarat exam ni aakhi team bv saras bhanave che""",https://www.youtube.com/watch?v=FPn-wkUIcLY,
"comment no 11 : ""B""",https://www.youtube.com/watch?v=FPn-wkUIcLY,
"comment no 12 : ""Jordar lecture thank you sir""",https://www.youtube.com/watch?v=FPn-wkUIcLY,
"comment no 13 : ""Sir tmara lacture thi gano faydo thyo che""",https://www.youtube.com/watch?v=FPn-wkUIcLY,
"comment no 14 : ""Khub j saras lecture hatu aava j lecture roj lavva mate Thank you""",https://www.youtube.com/watch?v=FPn-wkUIcLY,
"comment no 15 : ""Jay Shree ram 🙏""",https://www.youtube.com/watch?v=FPn-wkUIcLY,
"comment no 16 : ""દોહિતર-મૂએલા માણસ પાછળ વહેંચવામાં આવતા દૂધના લાડુ""",https://www.youtube.com/watch?v=FPn-wkUIcLY,
"comment no 17 : ""Very nice lecture""",https://www.youtube.com/watch?v=FPn-wkUIcLY,
"comment no 18 : ""14 D""",https://www.youtube.com/watch?v=FPn-wkUIcLY,
"comment no 19 : ""Sir bhul to thay ema su""",https://www.youtube.com/watch?v=FPn-wkUIcLY,
"comment no 20 : ""મિતેશ સર ને રેવડી બૌ ભાવે 😂😂😂😂😅😅😅😅""",https://www.youtube.com/watch?v=FPn-wkUIcLY,
"comment no 21 : ""Saras bhanavo cho tame""",https://www.youtube.com/watch?v=FPn-wkUIcLY,
"comment no 22 : ""Ha aavi jay""",https://www.youtube.com/watch?v=FPn-wkUIcLY,
"comment no 23 : ""😮 thank you 👍🎉""",https://www.youtube.com/watch?v=FPn-wkUIcLY,
"comment no 24 : ""Aa class na lidhe roj prectice thy ch thank you so much sir ❤""",https://www.youtube.com/watch?v=FPn-wkUIcLY,
"comment no 25 : ""Sir. 999 મા બધા જ sub. આવી જાય કે""",https://www.youtube.com/watch?v=FPn-wkUIcLY,
"comment no 26 : ""Sir. 999 મા બધા જ sub. આવી જાય કે""",https://www.youtube.com/watch?v=FPn-wkUIcLY,
"comment no 27 : ""Ha 😊""",https://www.youtube.com/watch?v=FPn-wkUIcLY,
"comment no 28 : ""​ @jayeshpanchalmathslearning7790 sir tamaru maths zordar che""",https://www.youtube.com/watch?v=FPn-wkUIcLY,
"comment no 29 : ""Thank you sir""",https://www.youtube.com/watch?v=FPn-wkUIcLY,
"comment no 30 : ""Thank you sir bahu j mast lecture hatu 👍🏻""",https://www.youtube.com/watch?v=FPn-wkUIcLY,
"comment no 31 : ""ખુબ સરસ ભણાવો છો""",https://www.youtube.com/watch?v=FPn-wkUIcLY,
"comment no 32 : ""Hu  hati sir khub khub aabhar thenk you sir tamari mehnat rang layegi aesha lagta he hu roj jov chu khub j shrash shmjay jay che""",https://www.youtube.com/watch?v=FPn-wkUIcLY,
"comment no 33 : ""Good sir Thank you ........,🎉🎉🎉🎉🎉🎉""",https://www.youtube.com/watch?v=FPn-wkUIcLY,
"comment no 34 : ""A""",https://www.youtube.com/watch?v=FPn-wkUIcLY,
"comment no 35 : ""Bav j saras study karavo 60""",https://www.youtube.com/watch?v=FPn-wkUIcLY,
"comment no 36 : ""Jordaar sir🔥🔥🔥🔥🔥""",https://www.youtube.com/watch?v=FPn-wkUIcLY,
"comment no 37 : ""Mast lecture se""",https://www.youtube.com/watch?v=FPn-wkUIcLY,
"comment no 38 : ""Jordar lectures""",https://www.youtube.com/watch?v=FPn-wkUIcLY,
"comment no 39 : ""Jakaas👌""",https://www.youtube.com/watch?v=FPn-wkUIcLY,
"comment no 40 : ""Thank youuu 🤗 so much sir""",https://www.youtube.com/watch?v=FPn-wkUIcLY,
"comment no 41 : ""જોરદાર sir ☺️ આભાર 🙏🏻""",https://www.youtube.com/watch?v=FPn-wkUIcLY,
"comment no 42 : ""Jordar lectures""",https://www.youtube.com/watch?v=FPn-wkUIcLY,
"comment no 43 : ""Nice lecture with an outstanding method🎉""",https://www.youtube.com/watch?v=FPn-wkUIcLY,
"comment no 44 : ""Sarash bhanavoso sir""",https://www.youtube.com/watch?v=FPn-wkUIcLY,
"comment no 45 : ""Excellent all lectures and best learning method 🎉""",https://www.youtube.com/watch?v=FPn-wkUIcLY,
"comment no 1 : ""Sir aani playlists banavi nakho ne""",https://www.youtube.com/watch?v=2d9Q8BeUdn8,
"comment no 2 : ""Gcert મુજબ ભારત માં23%અને ગુજરાત માં10%""",https://www.youtube.com/watch?v=2d9Q8BeUdn8,
"comment no 1 : ""Sir 1857 no sangram no full lecture lavo ne please sir""",https://www.youtube.com/watch?v=cArM2T-K2M8,
"comment no 2 : ""Puro itihas hu YouTube ma karavi aapis""",https://www.youtube.com/watch?v=cArM2T-K2M8,
"comment no 3 : ""Sir hu live ma lecture nathi joi sakti..par pachi to jovu chu ..book sathe rakhi ne ..badhu samjay jai che""",https://www.youtube.com/watch?v=cArM2T-K2M8,
"comment no 4 : ""Tnq""",https://www.youtube.com/watch?v=cArM2T-K2M8,
"comment no 5 : ""Sir me app lidhi .. class karya par aavi samaj naa padi..etli sari rite tame study karavo cho""",https://www.youtube.com/watch?v=cArM2T-K2M8,
"comment no 6 : ""Tnq so much""",https://www.youtube.com/watch?v=cArM2T-K2M8,
"comment no 7 : ""Ha sir bara bar se""",https://www.youtube.com/watch?v=cArM2T-K2M8,
"comment no 1 : ""Sir ભૂગોળ ની નોટ બનાવી છે પરંતુ તેમાં અધૂરું છે તો ભૂગોળ માટે કોના વિડિઓ જોવા જોઈએ પ્લીઝ સર રિપ્લાય આપજો""",https://www.youtube.com/watch?v=7ofV3Z4dGHc,
"comment no 2 : ""Zala Ajay sir na""",https://www.youtube.com/watch?v=7ofV3Z4dGHc,
"comment no 3 : ""​ @dharmeshnagdakiya755 થૅન્ક યૂ""",https://www.youtube.com/watch?v=7ofV3Z4dGHc,
"comment no 4 : ""Jay mataji""",https://www.youtube.com/watch?v=7ofV3Z4dGHc,
"comment no 5 : ""Jay mataji bhai""",https://www.youtube.com/watch?v=7ofV3Z4dGHc,
"comment no 1 : ""Thank you so much sir 🙏👌👌👌""",https://www.youtube.com/watch?v=8g6PrefoKC4,
"comment no 2 : ""Har har Mahadev jay dvarakadish 🙏🙏 thenk you sir khub khub aabhar tamro""",https://www.youtube.com/watch?v=8g6PrefoKC4,
"comment no 3 : ""Excellent lecture sirji""",https://www.youtube.com/watch?v=8g6PrefoKC4,
"comment no 1 : ""Jayesh sir. ! Aje 4 hours Lec . Rakhvano hto ne?""",https://www.youtube.com/watch?v=PKawtw_hR4M,
"comment no 2 : ""આજે 4 Hour j છે....""",https://www.youtube.com/watch?v=PKawtw_hR4M,
"comment no 3 : "" @jayeshpanchalmathslearning7790  okay mne em hatu ke bapore hase mate , but okay hal morning no batch no Lec . Complete karyo kbr padi gai 8 vage che 🙋🏻‍♀️""",https://www.youtube.com/watch?v=PKawtw_hR4M,
"comment no 4 : ""👌very nice lecture""",https://www.youtube.com/watch?v=PKawtw_hR4M,
"comment no 5 : ""Sir bov j sars bhanavo chho roj prectice thy ch thank you so much sir❤""",https://www.youtube.com/watch?v=PKawtw_hR4M,
"comment no 6 : ""આભાર 😊""",https://www.youtube.com/watch?v=PKawtw_hR4M,
"comment no 7 : ""Sir you are Amganig maja aave che study ma pls continue rakhjo""",https://www.youtube.com/watch?v=PKawtw_hR4M,
"comment no 8 : ""Sir cce mate khub  sharahs shmjay che  thenk you sir khub khub danayavad tumhari mehnat hamre liye rang layegi  jay dvarakadish har Mahadev 🙏🙏""",https://www.youtube.com/watch?v=PKawtw_hR4M,
"comment no 9 : ""As always awesome lecture bt hji tym vadharo ne plz""",https://www.youtube.com/watch?v=PKawtw_hR4M,
"comment no 10 : ""Are ચોક્કસ 😊""",https://www.youtube.com/watch?v=PKawtw_hR4M,
"comment no 11 : ""sir CCE 2024  na pyq with chepter wise lavo--------------+----🙏🙏🙏🙏🙏🙏🙏🥺🙏🙏""",https://www.youtube.com/watch?v=PKawtw_hR4M,
"comment no 12 : ""ચોક્કસ""",https://www.youtube.com/watch?v=PKawtw_hR4M,
"comment no 13 : ""(૧) સંખ્યા પદ્ધતિ",https://www.youtube.com/watch?v=PKawtw_hR4M,
(૨) લ. સા. અ. અને ગુ.સા. અ.,https://www.youtube.com/watch?v=PKawtw_hR4M,
(૩) ટકાવારી અને ભાગીદારી,https://www.youtube.com/watch?v=PKawtw_hR4M,
(૪) નફો - ખોટ,https://www.youtube.com/watch?v=PKawtw_hR4M,
(૫) સાદુ અને ચક્રવૃદ્ધિ વ્યાજ,https://www.youtube.com/watch?v=PKawtw_hR4M,
(૬) ગુણોત્તર અને પ્રમાણ,https://www.youtube.com/watch?v=PKawtw_hR4M,
"(૭) સમય અને કાર્ય, વેતન અને સાંકળ નો  નિયમ",https://www.youtube.com/watch?v=PKawtw_hR4M,
"(૮) સમય, ઝડપ અને અંતર",https://www.youtube.com/watch?v=PKawtw_hR4M,
"(૯) મઘ્યક, મધ્યસ્થ અને બહુલક",https://www.youtube.com/watch?v=PKawtw_hR4M,
"(૧૦) વર્ગ - વર્ગમૂળ,ઘન - ઘનમૂળ, ઘાત અને ઘાતાંક",https://www.youtube.com/watch?v=PKawtw_hR4M,
"~~~> સાહેબ, આટલા ટોપિક તો આ સિરીઝ માં કવર થઈ જાય છે...✍️🫶""",https://www.youtube.com/watch?v=PKawtw_hR4M,
"comment no 14 : ""Ha bhaiii""",https://www.youtube.com/watch?v=PKawtw_hR4M,
"comment no 15 : ""Sir bouj mast bhanavo  6o saririte samjay 6 sir  thank you khubkhub abhar aatli  Mehnat badal amara mate karva badal aabhar tamaro thank you so much""",https://www.youtube.com/watch?v=PKawtw_hR4M,
"comment no 16 : ""😊🙏""",https://www.youtube.com/watch?v=PKawtw_hR4M,
"comment no 17 : ""Sir khuba jjj saras karavo chooo thanks so much 😊😊""",https://www.youtube.com/watch?v=PKawtw_hR4M,
"comment no 18 : ""😊🙏""",https://www.youtube.com/watch?v=PKawtw_hR4M,
"comment no 19 : ""Nice 👍👍""",https://www.youtube.com/watch?v=PKawtw_hR4M,
"comment no 20 : ""(૧) ૧૪ માર્ચ : આંતરરાષ્ટ્રીય ગણિત દિવસ & (π) પાઇ દિવસ",https://www.youtube.com/watch?v=PKawtw_hR4M,
(૨) ૧૫ માર્ચ :  વિશ્વ ગ્રાહક અધિકાર દિવસ,https://www.youtube.com/watch?v=PKawtw_hR4M,
(૩) ૧૬ માર્ચ :  રાષ્ટ્રીય રસીકરણ દિવસ,https://www.youtube.com/watch?v=PKawtw_hR4M,
(૪) ૨૪ ડિસે. : રાષ્ટ્રીય ગ્રાહક દિવસ,https://www.youtube.com/watch?v=PKawtw_hR4M,
"(૫) ૧૦ ડિસે. : માનવ અધિકાર દિવસ""",https://www.youtube.com/watch?v=PKawtw_hR4M,
"comment no 21 : ""Very nice lecture""",https://www.youtube.com/watch?v=PKawtw_hR4M,
"comment no 22 : ""Khub srs 🎉🎉🎉""",https://www.youtube.com/watch?v=PKawtw_hR4M,
"comment no 23 : ""Ghanu badhu shikhva malyu""",https://www.youtube.com/watch?v=PKawtw_hR4M,
"comment no 24 : ""😊🙏""",https://www.youtube.com/watch?v=PKawtw_hR4M,
"comment no 25 : ""Aajnu live lecture Bahu j saras hatu""",https://www.youtube.com/watch?v=PKawtw_hR4M,
"comment no 26 : ""Aabhar 🙋🏻‍♀️""",https://www.youtube.com/watch?v=PKawtw_hR4M,
"comment no 1 : ""Nice clarification karavo sir""",https://www.youtube.com/watch?v=WMtEgsgx7t8,
"comment no 2 : ""❤🎉""",https://www.youtube.com/watch?v=WMtEgsgx7t8,
"comment no 1 : ""Tq sir🙏❤""",https://www.youtube.com/watch?v=Er7JAe1XkC8,
"comment no 2 : ""TQ sir""",https://www.youtube.com/watch?v=Er7JAe1XkC8,
"comment no 3 : ""Good morning sir 🌄""",https://www.youtube.com/watch?v=Er7JAe1XkC8,
"comment no 1 : ""વિગત""",https://www.youtube.com/live/uP0I1lF_iaU?si=i9dVNn82OdeSyuKi,
"comment no 2 : ""Prakash sir a bau nani umare khub pragti kri 😊😊 weldone sir❤❤""",https://www.youtube.com/live/uP0I1lF_iaU?si=i9dVNn82OdeSyuKi,
"comment no 3 : ""❤""",https://www.youtube.com/live/uP0I1lF_iaU?si=i9dVNn82OdeSyuKi,
"comment no 4 : ""English na lecture lavo""",https://www.youtube.com/live/uP0I1lF_iaU?si=i9dVNn82OdeSyuKi,
"comment no 5 : ""Ok""",https://www.youtube.com/live/uP0I1lF_iaU?si=i9dVNn82OdeSyuKi,
"comment no 6 : ""A""",https://www.youtube.com/live/uP0I1lF_iaU?si=i9dVNn82OdeSyuKi,
"comment no 7 : ""A""",https://www.youtube.com/live/uP0I1lF_iaU?si=i9dVNn82OdeSyuKi,
"comment no 8 : ""C""",https://www.youtube.com/live/uP0I1lF_iaU?si=i9dVNn82OdeSyuKi,
"comment no 9 : ""🙏🏻🙏🏻🙏🏻🙏🏻🙏🏻""",https://www.youtube.com/live/uP0I1lF_iaU?si=i9dVNn82OdeSyuKi,
"comment no 10 : ""જીગર સર મજા આવે છે ભણાવની તમારી પાસે""",https://www.youtube.com/live/uP0I1lF_iaU?si=i9dVNn82OdeSyuKi,
"comment no 11 : ""Sir bija lecturer pls lavjo""",https://www.youtube.com/live/uP0I1lF_iaU?si=i9dVNn82OdeSyuKi,
"comment no 12 : ""Jordar sir moje moj ho""",https://www.youtube.com/live/uP0I1lF_iaU?si=i9dVNn82OdeSyuKi,
"comment no 13 : ""Jakasss,jordar, jigarsir ❤""",https://www.youtube.com/live/uP0I1lF_iaU?si=i9dVNn82OdeSyuKi,
"comment no 14 : ""Gyan live app ma me sir me tmara class ma aavel chu tamne bhuj miss kariye chiye sir mast rite tame bnavo cho sir thank you so much""",https://www.youtube.com/live/uP0I1lF_iaU?si=i9dVNn82OdeSyuKi,
"comment no 15 : ""Ok""",https://www.youtube.com/live/uP0I1lF_iaU?si=i9dVNn82OdeSyuKi,
"comment no 16 : ""Good sir""",https://www.youtube.com/live/uP0I1lF_iaU?si=i9dVNn82OdeSyuKi,
"comment no 17 : ""A""",https://www.youtube.com/live/uP0I1lF_iaU?si=i9dVNn82OdeSyuKi,
"comment no 18 : ""Mare bech lidhu htu a bandh thy gy se sir otopay bandh karyy to""",https://www.youtube.com/live/uP0I1lF_iaU?si=i9dVNn82OdeSyuKi,
"comment no 19 : ""Ha""",https://www.youtube.com/live/uP0I1lF_iaU?si=i9dVNn82OdeSyuKi,
"comment no 20 : ""B""",https://www.youtube.com/live/uP0I1lF_iaU?si=i9dVNn82OdeSyuKi,
"comment no 21 : ""Fantastic lecture""",https://www.youtube.com/live/uP0I1lF_iaU?si=i9dVNn82OdeSyuKi,
"comment no 22 : ""D""",https://www.youtube.com/live/uP0I1lF_iaU?si=i9dVNn82OdeSyuKi,
"comment no 23 : ""A""",https://www.youtube.com/live/uP0I1lF_iaU?si=i9dVNn82OdeSyuKi,
"comment no 24 : ""d""",https://www.youtube.com/live/uP0I1lF_iaU?si=i9dVNn82OdeSyuKi,
"comment no 25 : ""c""",https://www.youtube.com/live/uP0I1lF_iaU?si=i9dVNn82OdeSyuKi,
"comment no 26 : ""A""",https://www.youtube.com/live/uP0I1lF_iaU?si=i9dVNn82OdeSyuKi,
"comment no 27 : ""C""",https://www.youtube.com/live/uP0I1lF_iaU?si=i9dVNn82OdeSyuKi,
"comment no 28 : ""c""",https://www.youtube.com/live/uP0I1lF_iaU?si=i9dVNn82OdeSyuKi,
"comment no 29 : ""ખાંડુ = તલવાર ખાંડું= ખાડવું  ખાડું= ભેસનું ટોળું""",https://www.youtube.com/live/uP0I1lF_iaU?si=i9dVNn82OdeSyuKi,
"comment no 30 : ""C""",https://www.youtube.com/live/uP0I1lF_iaU?si=i9dVNn82OdeSyuKi,
"comment no 31 : ""☺️""",https://www.youtube.com/live/uP0I1lF_iaU?si=i9dVNn82OdeSyuKi,
"comment no 32 : ""Aa""",https://www.youtube.com/live/uP0I1lF_iaU?si=i9dVNn82OdeSyuKi,
"comment no 33 : ""❤❤❤""",https://www.youtube.com/live/uP0I1lF_iaU?si=i9dVNn82OdeSyuKi,
"comment no 34 : ""Sir tmaro bijo lecture kyare aavse please reply me sir""",https://www.youtube.com/live/uP0I1lF_iaU?si=i9dVNn82OdeSyuKi,
"comment no 35 : ""Sir baka ciki""",https://www.youtube.com/live/uP0I1lF_iaU?si=i9dVNn82OdeSyuKi,
"comment no 1 : ""નૌટંકી નૃત્ય ઉત્તરપ્રદેશનુ""",https://www.youtube.com/live/jZXx80W1S-I?si=00LnQ5CzY8GmifiV,
"comment no 2 : ""Thank you sir 🙏 jordar lecture""",https://www.youtube.com/live/jZXx80W1S-I?si=00LnQ5CzY8GmifiV,
"comment no 3 : ""Thakor sir is best contain all over topics ❤️😇""",https://www.youtube.com/live/jZXx80W1S-I?si=00LnQ5CzY8GmifiV,
"comment no 4 : ""Thank you so much sir 😊😊🙏🙏☺️😊""",https://www.youtube.com/live/jZXx80W1S-I?si=00LnQ5CzY8GmifiV,
"comment no 5 : ""Jai hind""",https://www.youtube.com/live/jZXx80W1S-I?si=00LnQ5CzY8GmifiV,
"comment no 6 : ""Jay bharat jay hind""",https://www.youtube.com/live/jZXx80W1S-I?si=00LnQ5CzY8GmifiV,
"comment no 7 : ""Jay hind ❤""",https://www.youtube.com/live/jZXx80W1S-I?si=00LnQ5CzY8GmifiV,
"comment no 8 : ""Jay hind""",https://www.youtube.com/live/jZXx80W1S-I?si=00LnQ5CzY8GmifiV,
"comment no 9 : ""Jay maa mogal 🙏""",https://www.youtube.com/live/jZXx80W1S-I?si=00LnQ5CzY8GmifiV,
"comment no 10 : ""Thanks sir""",https://www.youtube.com/live/jZXx80W1S-I?si=00LnQ5CzY8GmifiV,
"comment no 11 : ""Hii Thakor sir LCA bhavnagar muki didhu ke""",https://www.youtube.com/live/jZXx80W1S-I?si=00LnQ5CzY8GmifiV,
"comment no 12 : ""👌👌""",https://www.youtube.com/live/jZXx80W1S-I?si=00LnQ5CzY8GmifiV,
"comment no 13 : ""Ha Thakor saheb ha 🙏""",https://www.youtube.com/live/jZXx80W1S-I?si=00LnQ5CzY8GmifiV,
"comment no 14 : ""Thakor Sir ખૂબ ખૂબ આભાર 👍🙏🙏🙏""",https://www.youtube.com/live/jZXx80W1S-I?si=00LnQ5CzY8GmifiV,
"comment no 15 : ""I am a  big fan of you and your work..  nice ..i really appreciate That.. Thakor sir ❤😍👌🙌🥳🥳🥳""",https://www.youtube.com/live/jZXx80W1S-I?si=00LnQ5CzY8GmifiV,
"comment no 1 : ""14 ma naki ni kari sakay""",https://www.youtube.com/live/Qg88n96Cuoo?si=zo0ewXKkGF3Hhtje,
"comment no 2 : ""🙏🙏""",https://www.youtube.com/live/Qg88n96Cuoo?si=zo0ewXKkGF3Hhtje,
"comment no 3 : ""Saras study karavo 60""",https://www.youtube.com/live/Qg88n96Cuoo?si=zo0ewXKkGF3Hhtje,
"comment no 4 : ""Sir application vishe mahiti joi chhe but 2 mathi ak pn number nthi lagto.pls ans. aapjo..😢""",https://www.youtube.com/live/Qg88n96Cuoo?si=zo0ewXKkGF3Hhtje,
"comment no 5 : ""ચાલુ રાખજો સિરીઝ Sir મજા આવી ગઈ""",https://www.youtube.com/live/Qg88n96Cuoo?si=zo0ewXKkGF3Hhtje,
"comment no 6 : ""❤❤❤""",https://www.youtube.com/live/Qg88n96Cuoo?si=zo0ewXKkGF3Hhtje,
"comment no 7 : ""ખૂબ જ મજા આવી રિઝાનીંગ માં ❤❤❤""",https://www.youtube.com/live/Qg88n96Cuoo?si=zo0ewXKkGF3Hhtje,
"comment no 1 : ""Haryana""",https://www.youtube.com/live/ZWV0f9Yq7io?si=jwvlAvoMcLtrcMSX,
"comment no 2 : ""A""",https://www.youtube.com/live/ZWV0f9Yq7io?si=jwvlAvoMcLtrcMSX,
"comment no 3 : ""ભુક્કા ભુક્કા 👍""",https://www.youtube.com/live/ZWV0f9Yq7io?si=jwvlAvoMcLtrcMSX,
"comment no 4 : ""ઠાકોર સાહેબ આગ્ pade che 👌👌👌😄""",https://www.youtube.com/live/ZWV0f9Yq7io?si=jwvlAvoMcLtrcMSX,
"comment no 5 : ""Ek dm",https://www.youtube.com/live/ZWV0f9Yq7io?si=jwvlAvoMcLtrcMSX,
"saras""",https://www.youtube.com/live/ZWV0f9Yq7io?si=jwvlAvoMcLtrcMSX,
"comment no 6 : ""Live lecture jovano time adjust nnthi thto atle recording lecture jovu chhu  chalu j rakhjo lecture sir plz plz...""",https://www.youtube.com/live/ZWV0f9Yq7io?si=jwvlAvoMcLtrcMSX,
"comment no 7 : ""એપમા 4વાગે ગણિત રિઝનિંગનો લેકચર લાઈવ હોય એટલે તમારો લાઈવ નથી જોવાતો ....""",https://www.youtube.com/live/ZWV0f9Yq7io?si=jwvlAvoMcLtrcMSX,
"comment no 8 : ""જોરદાર લેકચર 🎉""",https://www.youtube.com/live/ZWV0f9Yq7io?si=jwvlAvoMcLtrcMSX,
"comment no 9 : ""❤❤❤""",https://www.youtube.com/live/ZWV0f9Yq7io?si=jwvlAvoMcLtrcMSX,
"comment no 10 : ""એક નંબર લેક્ચર સર ❤❤❤""",https://www.youtube.com/live/ZWV0f9Yq7io?si=jwvlAvoMcLtrcMSX,
"comment no 11 : ""Sir tme je rite topic bhanavo cho badhuj yaad rahi jay che""",https://www.youtube.com/live/ZWV0f9Yq7io?si=jwvlAvoMcLtrcMSX,
"comment no 12 : ""Sir Jordar lecture jovani Maja aavi gai""",https://www.youtube.com/live/ZWV0f9Yq7io?si=jwvlAvoMcLtrcMSX,
"comment no 1 : ""8""",https://www.youtube.com/live/WljMs8mDgF8?si=ZFZLJxfjEEmP-CBs,
"comment no 2 : ""12""",https://www.youtube.com/live/WljMs8mDgF8?si=ZFZLJxfjEEmP-CBs,
"comment no 3 : ""C""",https://www.youtube.com/live/WljMs8mDgF8?si=ZFZLJxfjEEmP-CBs,
"comment no 4 : ""B""",https://www.youtube.com/live/WljMs8mDgF8?si=ZFZLJxfjEEmP-CBs,
"comment no 5 : ""ha""",https://www.youtube.com/live/WljMs8mDgF8?si=ZFZLJxfjEEmP-CBs,
"comment no 6 : ""Best lecture sir daily avjo 😊""",https://www.youtube.com/live/WljMs8mDgF8?si=ZFZLJxfjEEmP-CBs,
"comment no 7 : ""Khub khub aabhar sir tamro shrsh shmjay che thenk you sir""",https://www.youtube.com/live/WljMs8mDgF8?si=ZFZLJxfjEEmP-CBs,
"comment no 8 : ""17,18""",https://www.youtube.com/live/WljMs8mDgF8?si=ZFZLJxfjEEmP-CBs,
"comment no 9 : ""Mast lecture Sir""",https://www.youtube.com/live/WljMs8mDgF8?si=ZFZLJxfjEEmP-CBs,
"comment no 10 : ""🙏🙏🙏🙏🙏""",https://www.youtube.com/live/WljMs8mDgF8?si=ZFZLJxfjEEmP-CBs,
"comment no 11 : ""28 march 1956 WEDNESDAY AAVE SIR""",https://www.youtube.com/live/WljMs8mDgF8?si=ZFZLJxfjEEmP-CBs,
"comment no 12 : ""1956 નથી 28 માર્ચ 1656 છે...""",https://www.youtube.com/live/WljMs8mDgF8?si=ZFZLJxfjEEmP-CBs,
"comment no 13 : ""Sir tmari samjavani rit bahu saras che""",https://www.youtube.com/live/WljMs8mDgF8?si=ZFZLJxfjEEmP-CBs,
"comment no 14 : ""❤""",https://www.youtube.com/live/WljMs8mDgF8?si=ZFZLJxfjEEmP-CBs,
"comment no 15 : ""Thank you sir""",https://www.youtube.com/live/WljMs8mDgF8?si=ZFZLJxfjEEmP-CBs,
"comment no 16 : ""Please sir come regular""",https://www.youtube.com/live/WljMs8mDgF8?si=ZFZLJxfjEEmP-CBs,
"comment no 17 : ""Maru name leyo sir""",https://www.youtube.com/live/WljMs8mDgF8?si=ZFZLJxfjEEmP-CBs,
"comment no 18 : ""Maru name leyo sir""",https://www.youtube.com/live/WljMs8mDgF8?si=ZFZLJxfjEEmP-CBs,
"comment no 19 : ""Maru name leyo sir""",https://www.youtube.com/live/WljMs8mDgF8?si=ZFZLJxfjEEmP-CBs,
"comment no 20 : ""Na na na""",https://www.youtube.com/live/WljMs8mDgF8?si=ZFZLJxfjEEmP-CBs,
"comment no 21 : ""T̤h̤a̤n̤k̤ y̤o̤ṳ s̤i̤r̤,̤  M̤a̤s̤t̤ L̤e̤c̤t̤ṳr̤e̤ r̤h̤y̤o̤ j̤a̤y̤e̤s̤h̤ s̤i̤r̤ j̤o̤r̤d̤a̤r̤ 🎉🎉""",https://www.youtube.com/live/WljMs8mDgF8?si=ZFZLJxfjEEmP-CBs,
"comment no 22 : ""Na""",https://www.youtube.com/live/WljMs8mDgF8?si=ZFZLJxfjEEmP-CBs,
"comment no 23 : ""😢😢😢😢""",https://www.youtube.com/live/WljMs8mDgF8?si=ZFZLJxfjEEmP-CBs,
"comment no 24 : ""Na nethi dekata sir""",https://www.youtube.com/live/WljMs8mDgF8?si=ZFZLJxfjEEmP-CBs,
"comment no 25 : ""Jordar lekachar hato ....",https://www.youtube.com/live/WljMs8mDgF8?si=ZFZLJxfjEEmP-CBs,
"Bava ja maja aavigay ❤❤""",https://www.youtube.com/live/WljMs8mDgF8?si=ZFZLJxfjEEmP-CBs,
"comment no 26 : ""Kam se""",https://www.youtube.com/live/WljMs8mDgF8?si=ZFZLJxfjEEmP-CBs,
"comment no 27 : ""Aabhar 🙋🏻‍♀️""",https://www.youtube.com/live/WljMs8mDgF8?si=ZFZLJxfjEEmP-CBs,
"comment no 28 : ""જોરદાર લેક્ચર હતો...બવ જ મજા આવી❤""",https://www.youtube.com/live/WljMs8mDgF8?si=ZFZLJxfjEEmP-CBs,
"comment no 1 : ""A̤p̤p̤ m̤a̤ 4)̤  નર્મદા ,",https://www.youtube.com/live/IhAReHkI6Zk?si=5e-rmynpa1n36BgC,
"7)મૌખિક વારસો ,  19)સાંસ્કૃતિક વારસો  , રાઈટ કરેલા છે""",https://www.youtube.com/live/IhAReHkI6Zk?si=5e-rmynpa1n36BgC,
"comment no 2 : ""K̤h̤ṳb̤ s̤r̤s̤ 🎉🎉🎉""",https://www.youtube.com/live/IhAReHkI6Zk?si=5e-rmynpa1n36BgC,
"comment no 3 : ""Jay shree krishna""",https://www.youtube.com/live/IhAReHkI6Zk?si=5e-rmynpa1n36BgC,
"comment no 4 : ""Jay Shree Krishna""",https://www.youtube.com/live/IhAReHkI6Zk?si=5e-rmynpa1n36BgC,
"comment no 5 : ""Mast ❤❤❤""",https://www.youtube.com/live/IhAReHkI6Zk?si=5e-rmynpa1n36BgC,
"comment no 6 : ""Tnq dost""",https://www.youtube.com/live/IhAReHkI6Zk?si=5e-rmynpa1n36BgC,
"comment no 7 : ""Jay Shri Ram sar""",https://www.youtube.com/live/IhAReHkI6Zk?si=5e-rmynpa1n36BgC,
"comment no 8 : ""Jay Shree ram 🙏🏻""",https://www.youtube.com/live/IhAReHkI6Zk?si=5e-rmynpa1n36BgC,